date,vehicle_category,maker,electric_vehicles_sold
2021-04-01,2-wheelers,ampere,751
2021-04-01,2-wheelers,ather,903
2021-04-01,2-wheelers,bajaj,48
2021-04-01,2-wheelers,being,171
2021-04-01,4-wheelers,bmw india,0
2021-04-01,4-wheelers,byd india,0
2021-04-01,2-wheelers,hero electric,759
2021-04-01,4-wheelers,hyundai motor,12
2021-04-01,2-wheelers,jitendra,36
2021-04-01,4-wheelers,kia motors,0
2021-04-01,4-wheelers,mahindra & mahindra,171
2021-04-01,4-wheelers,mercedes -benz ag,3
2021-04-01,4-wheelers,mg motor,118
2021-04-01,2-wheelers,okinawa,1251
2021-04-01,2-wheelers,ola electric,0
2021-04-01,2-wheelers,others,749
2021-04-01,4-wheelers,pca automobiles,0
2021-04-01,2-wheelers,pure ev,581
2021-04-01,2-wheelers,revolt,138
2021-04-01,4-wheelers,tata motors,322
2021-04-01,2-wheelers,tvs,302
2021-04-01,4-wheelers,volvo auto india,0
2022-04-01,2-wheelers,ampere,6864
2022-04-01,2-wheelers,ather,2451
2022-04-01,2-wheelers,bajaj,1223
2022-04-01,2-wheelers,being,874
2022-04-01,4-wheelers,bmw india,12
2022-04-01,4-wheelers,byd india,15
2022-04-01,2-wheelers,hero electric,6803
2022-04-01,4-wheelers,hyundai motor,17
2022-04-01,2-wheelers,jitendra,940
2022-04-01,4-wheelers,kia motors,0
2022-04-01,4-wheelers,mahindra & mahindra,611
2022-04-01,4-wheelers,mercedes -benz ag,8
2022-04-01,4-wheelers,mg motor,177
2022-04-01,2-wheelers,okaya ev,0
2022-04-01,2-wheelers,okinawa,11341
2022-04-01,2-wheelers,ola electric,13601
2022-04-01,2-wheelers,others,4683
2022-04-01,4-wheelers,pca automobiles,0
2022-04-01,2-wheelers,pure ev,1756
2022-04-01,2-wheelers,revolt,1241
2022-04-01,4-wheelers,tata motors,1409
2022-04-01,2-wheelers,tvs,1498
2022-04-01,4-wheelers,volvo auto india,0
2023-04-01,2-wheelers,ampere,8767
2023-04-01,2-wheelers,ather,7707
2023-04-01,2-wheelers,bajaj,4043
2023-04-01,2-wheelers,battre electric,644
2023-04-01,2-wheelers,bgauss,762
2023-04-01,4-wheelers,bmw india,51
2023-04-01,4-wheelers,byd india,156
2023-04-01,2-wheelers,hero electric,3293
2023-04-01,4-wheelers,hyundai motor,42
2023-04-01,4-wheelers,kia motors,30
2023-04-01,2-wheelers,kinetic green,838
2023-04-01,4-wheelers,mahindra & mahindra,4880
2023-04-01,4-wheelers,mercedes -benz ag,8
2023-04-01,4-wheelers,mg motor,265
2023-04-01,2-wheelers,okaya ev,1544
2023-04-01,2-wheelers,okinawa,3179
2023-04-01,2-wheelers,ola electric,22548
2023-04-01,2-wheelers,others,4315
2023-04-01,4-wheelers,pca automobiles,181
2023-04-01,2-wheelers,revolt,520
2023-04-01,4-wheelers,tata motors,364
2023-04-01,2-wheelers,tvs,8654
2023-04-01,4-wheelers,volvo auto india,27
2021-08-01,2-wheelers,ampere,810
2021-08-01,2-wheelers,ather,1613
2021-08-01,2-wheelers,bajaj,796
2021-08-01,2-wheelers,being,325
2021-08-01,4-wheelers,bmw india,0
2021-08-01,4-wheelers,byd india,0
2021-08-01,2-wheelers,hero electric,5527
2021-08-01,4-wheelers,hyundai motor,10
2021-08-01,2-wheelers,jitendra,208
2021-08-01,4-wheelers,kia motors,0
2021-08-01,4-wheelers,mahindra & mahindra,204
2021-08-01,4-wheelers,mercedes -benz ag,2
2021-08-01,4-wheelers,mg motor,303
2021-08-01,2-wheelers,okinawa,2894
2021-08-01,2-wheelers,ola electric,0
2021-08-01,2-wheelers,others,1279
2021-08-01,4-wheelers,pca automobiles,0
2021-08-01,2-wheelers,pure ev,1094
2021-08-01,2-wheelers,revolt,853
2021-08-01,4-wheelers,tata motors,584
2021-08-01,2-wheelers,tvs,651
2021-08-01,4-wheelers,volvo auto india,0
2022-08-01,2-wheelers,ampere,6771
2022-08-01,2-wheelers,ather,5376
2022-08-01,2-wheelers,bajaj,2620
2022-08-01,2-wheelers,being,1099
2022-08-01,4-wheelers,bmw india,19
2022-08-01,4-wheelers,byd india,33
2022-08-01,2-wheelers,hero electric,9925
2022-08-01,4-wheelers,hyundai motor,53
2022-08-01,2-wheelers,jitendra,653
2022-08-01,4-wheelers,kia motors,0
2022-08-01,4-wheelers,mahindra & mahindra,1085
2022-08-01,4-wheelers,mercedes -benz ag,3
2022-08-01,4-wheelers,mg motor,234
2022-08-01,2-wheelers,okaya ev,905
2022-08-01,2-wheelers,okinawa,8756
2022-08-01,2-wheelers,ola electric,3475
2022-08-01,2-wheelers,others,3678
2022-08-01,4-wheelers,pca automobiles,0
2022-08-01,2-wheelers,pure ev,880
2022-08-01,2-wheelers,revolt,1662
2022-08-01,4-wheelers,tata motors,1931
2022-08-01,2-wheelers,tvs,6426
2022-08-01,4-wheelers,volvo auto india,0
2023-08-01,2-wheelers,ampere,3654
2023-08-01,2-wheelers,ather,7065
2023-08-01,2-wheelers,bajaj,6508
2023-08-01,2-wheelers,battre electric,287
2023-08-01,2-wheelers,bgauss,912
2023-08-01,4-wheelers,bmw india,64
2023-08-01,4-wheelers,byd india,80
2023-08-01,2-wheelers,hero electric,774
2023-08-01,4-wheelers,hyundai motor,141
2023-08-01,4-wheelers,kia motors,21
2023-08-01,2-wheelers,kinetic green,380
2023-08-01,4-wheelers,mahindra & mahindra,2013
2023-08-01,4-wheelers,mercedes -benz ag,8
2023-08-01,4-wheelers,mg motor,913
2023-08-01,2-wheelers,okaya ev,1137
2023-08-01,2-wheelers,okinawa,1977
2023-08-01,2-wheelers,ola electric,18983
2023-08-01,2-wheelers,others,4990
2023-08-01,4-wheelers,pca automobiles,89
2023-08-01,2-wheelers,revolt,508
2023-08-01,4-wheelers,tata motors,3388
2023-08-01,2-wheelers,tvs,15296
2023-08-01,4-wheelers,volvo auto india,36
2021-12-01,2-wheelers,ampere,3410
2021-12-01,2-wheelers,ather,1813
2021-12-01,2-wheelers,bajaj,642
2021-12-01,2-wheelers,being,1190
2021-12-01,4-wheelers,bmw india,0
2021-12-01,4-wheelers,byd india,1
2021-12-01,2-wheelers,hero electric,6402
2021-12-01,4-wheelers,hyundai motor,10
2021-12-01,2-wheelers,jitendra,503
2021-12-01,4-wheelers,kia motors,0
2021-12-01,4-wheelers,mahindra & mahindra,552
2021-12-01,4-wheelers,mercedes -benz ag,1
2021-12-01,4-wheelers,mg motor,99
2021-12-01,2-wheelers,okinawa,6184
2021-12-01,2-wheelers,ola electric,240
2021-12-01,2-wheelers,others,2603
2021-12-01,4-wheelers,pca automobiles,0
2021-12-01,2-wheelers,pure ev,1685
2021-12-01,2-wheelers,revolt,835
2021-12-01,4-wheelers,tata motors,1952
2021-12-01,2-wheelers,tvs,1119
2021-12-01,4-wheelers,volvo auto india,0
2022-12-01,2-wheelers,ampere,4592
2022-12-01,2-wheelers,ather,7693
2022-12-01,2-wheelers,bajaj,3240
2022-12-01,2-wheelers,being,966
2022-12-01,4-wheelers,bmw india,27
2022-12-01,4-wheelers,byd india,37
2022-12-01,2-wheelers,hero electric,8100
2022-12-01,4-wheelers,hyundai motor,68
2022-12-01,2-wheelers,jitendra,668
2022-12-01,4-wheelers,kia motors,65
2022-12-01,4-wheelers,mahindra & mahindra,1260
2022-12-01,4-wheelers,mercedes -benz ag,6
2022-12-01,4-wheelers,mg motor,363
2022-12-01,2-wheelers,okaya ev,1445
2022-12-01,2-wheelers,okinawa,5281
2022-12-01,2-wheelers,ola electric,16919
2022-12-01,2-wheelers,others,5557
2022-12-01,4-wheelers,pca automobiles,0
2022-12-01,2-wheelers,pure ev,780
2022-12-01,2-wheelers,revolt,37
2022-12-01,4-wheelers,tata motors,1992
2022-12-01,2-wheelers,tvs,9363
2022-12-01,4-wheelers,volvo auto india,16
2023-12-01,2-wheelers,ampere,3309
2023-12-01,2-wheelers,ather,6471
2023-12-01,2-wheelers,bajaj,10292
2023-12-01,2-wheelers,battre electric,241
2023-12-01,2-wheelers,bgauss,1200
2023-12-01,4-wheelers,bmw india,137
2023-12-01,4-wheelers,byd india,135
2023-12-01,2-wheelers,hero electric,545
2023-12-01,4-wheelers,hyundai motor,97
2023-12-01,4-wheelers,kia motors,23
2023-12-01,2-wheelers,kinetic green,660
2023-12-01,4-wheelers,mahindra & mahindra,1015
2023-12-01,4-wheelers,mercedes -benz ag,51
2023-12-01,4-wheelers,mg motor,753
2023-12-01,2-wheelers,okaya ev,700
2023-12-01,2-wheelers,okinawa,953
2023-12-01,2-wheelers,ola electric,30588
2023-12-01,2-wheelers,others,7691
2023-12-01,4-wheelers,pca automobiles,40
2023-12-01,2-wheelers,revolt,673
2023-12-01,4-wheelers,tata motors,4893
2023-12-01,2-wheelers,tvs,12171
2023-12-01,4-wheelers,volvo auto india,47
2022-02-01,2-wheelers,ampere,4431
2022-02-01,2-wheelers,ather,2232
2022-02-01,2-wheelers,bajaj,1372
2022-02-01,2-wheelers,being,1149
2022-02-01,4-wheelers,bmw india,0
2022-02-01,4-wheelers,byd india,10
2022-02-01,2-wheelers,hero electric,7773
2022-02-01,4-wheelers,hyundai motor,6
2022-02-01,2-wheelers,jitendra,583
2022-02-01,4-wheelers,kia motors,0
2022-02-01,4-wheelers,mahindra & mahindra,478
2022-02-01,4-wheelers,mercedes -benz ag,3
2022-02-01,4-wheelers,mg motor,30
2022-02-01,2-wheelers,okinawa,6122
2022-02-01,2-wheelers,ola electric,3911
2022-02-01,2-wheelers,others,4033
2022-02-01,4-wheelers,pca automobiles,0
2022-02-01,2-wheelers,pure ev,1428
2022-02-01,2-wheelers,revolt,1128
2022-02-01,4-wheelers,tata motors,1922
2022-02-01,2-wheelers,tvs,1560
2022-02-01,4-wheelers,volvo auto india,0
2023-02-01,2-wheelers,ampere,6003
2023-02-01,2-wheelers,ather,10069
2023-02-01,2-wheelers,bajaj,2537
2023-02-01,2-wheelers,being,337
2023-02-01,4-wheelers,bmw india,43
2023-02-01,4-wheelers,byd india,174
2023-02-01,2-wheelers,hero electric,5863
2023-02-01,4-wheelers,hyundai motor,36
2023-02-01,2-wheelers,jitendra,308
2023-02-01,4-wheelers,kia motors,22
2023-02-01,4-wheelers,mahindra & mahindra,1531
2023-02-01,4-wheelers,mercedes -benz ag,12
2023-02-01,4-wheelers,mg motor,261
2023-02-01,2-wheelers,okaya ev,1232
2023-02-01,2-wheelers,okinawa,3848
2023-02-01,2-wheelers,ola electric,17762
2023-02-01,2-wheelers,others,4874
2023-02-01,4-wheelers,pca automobiles,0
2023-02-01,2-wheelers,pure ev,488
2023-02-01,2-wheelers,revolt,79
2023-02-01,4-wheelers,tata motors,2651
2023-02-01,2-wheelers,tvs,12671
2023-02-01,4-wheelers,volvo auto india,26
2024-02-01,2-wheelers,ampere,2577
2024-02-01,2-wheelers,ather,8957
2024-02-01,2-wheelers,bajaj,11603
2024-02-01,2-wheelers,battre electric,219
2024-02-01,2-wheelers,bgauss,1334
2024-02-01,4-wheelers,bmw india,97
2024-02-01,4-wheelers,byd india,135
2024-02-01,2-wheelers,hero electric,323
2024-02-01,4-wheelers,hyundai motor,94
2024-02-01,4-wheelers,kia motors,17
2024-02-01,2-wheelers,kinetic green,624
2024-02-01,4-wheelers,mahindra & mahindra,712
2024-02-01,4-wheelers,mercedes -benz ag,24
2024-02-01,4-wheelers,mg motor,829
2024-02-01,2-wheelers,okaya ev,649
2024-02-01,2-wheelers,okinawa,652
2024-02-01,2-wheelers,ola electric,33967
2024-02-01,2-wheelers,others,6154
2024-02-01,4-wheelers,pca automobiles,64
2024-02-01,2-wheelers,revolt,473
2024-02-01,4-wheelers,tata motors,5081
2024-02-01,2-wheelers,tvs,14431
2024-02-01,4-wheelers,volvo auto india,35
2022-01-01,2-wheelers,ampere,4366
2022-01-01,2-wheelers,ather,1881
2022-01-01,2-wheelers,bajaj,612
2022-01-01,2-wheelers,being,1062
2022-01-01,4-wheelers,bmw india,0
2022-01-01,4-wheelers,byd india,8
2022-01-01,2-wheelers,hero electric,8238
2022-01-01,4-wheelers,hyundai motor,6
2022-01-01,2-wheelers,jitendra,535
2022-01-01,4-wheelers,kia motors,0
2022-01-01,4-wheelers,mahindra & mahindra,474
2022-01-01,4-wheelers,mercedes -benz ag,2
2022-01-01,4-wheelers,mg motor,48
2022-01-01,2-wheelers,okinawa,5737
2022-01-01,2-wheelers,ola electric,1107
2022-01-01,2-wheelers,others,3065
2022-01-01,4-wheelers,pca automobiles,0
2022-01-01,2-wheelers,pure ev,1691
2022-01-01,2-wheelers,revolt,673
2022-01-01,4-wheelers,tata motors,1012
2022-01-01,2-wheelers,tvs,1155
2022-01-01,4-wheelers,volvo auto india,0
2023-01-01,2-wheelers,ampere,4456
2023-01-01,2-wheelers,ather,9224
2023-01-01,2-wheelers,bajaj,2252
2023-01-01,2-wheelers,being,571
2023-01-01,4-wheelers,bmw india,91
2023-01-01,4-wheelers,byd india,101
2023-01-01,2-wheelers,hero electric,6399
2023-01-01,4-wheelers,hyundai motor,84
2023-01-01,2-wheelers,jitendra,522
2023-01-01,4-wheelers,kia motors,35
2023-01-01,4-wheelers,mahindra & mahindra,967
2023-01-01,4-wheelers,mercedes -benz ag,14
2023-01-01,4-wheelers,mg motor,313
2023-01-01,2-wheelers,okaya ev,1265
2023-01-01,2-wheelers,okinawa,4407
2023-01-01,2-wheelers,ola electric,20148
2023-01-01,2-wheelers,others,4241
2023-01-01,4-wheelers,pca automobiles,0
2023-01-01,2-wheelers,pure ev,717
2023-01-01,2-wheelers,revolt,14
2023-01-01,4-wheelers,tata motors,1812
2023-01-01,2-wheelers,tvs,10462
2023-01-01,4-wheelers,volvo auto india,21
2024-01-01,2-wheelers,ampere,2505
2024-01-01,2-wheelers,ather,9244
2024-01-01,2-wheelers,bajaj,10753
2024-01-01,2-wheelers,battre electric,284
2024-01-01,2-wheelers,bgauss,1469
2024-01-01,4-wheelers,bmw india,116
2024-01-01,4-wheelers,byd india,123
2024-01-01,2-wheelers,hero electric,413
2024-01-01,4-wheelers,hyundai motor,128
2024-01-01,4-wheelers,kia motors,29
2024-01-01,2-wheelers,kinetic green,810
2024-01-01,4-wheelers,mahindra & mahindra,896
2024-01-01,4-wheelers,mercedes -benz ag,29
2024-01-01,4-wheelers,mg motor,908
2024-01-01,2-wheelers,okaya ev,574
2024-01-01,2-wheelers,okinawa,675
2024-01-01,2-wheelers,ola electric,32275
2024-01-01,2-wheelers,others,6664
2024-01-01,4-wheelers,pca automobiles,23
2024-01-01,2-wheelers,revolt,524
2024-01-01,4-wheelers,tata motors,5674
2024-01-01,2-wheelers,tvs,15153
2024-01-01,4-wheelers,volvo auto india,42
2021-07-01,2-wheelers,ampere,663
2021-07-01,2-wheelers,ather,1799
2021-07-01,2-wheelers,bajaj,730
2021-07-01,2-wheelers,being,494
2021-07-01,4-wheelers,bmw india,0
2021-07-01,4-wheelers,byd india,0
2021-07-01,2-wheelers,hero electric,4557
2021-07-01,4-wheelers,hyundai motor,18
2021-07-01,2-wheelers,jitendra,212
2021-07-01,4-wheelers,kia motors,0
2021-07-01,4-wheelers,mahindra & mahindra,171
2021-07-01,4-wheelers,mercedes -benz ag,1
2021-07-01,4-wheelers,mg motor,232
2021-07-01,2-wheelers,okinawa,2633
2021-07-01,2-wheelers,ola electric,0
2021-07-01,2-wheelers,others,1202
2021-07-01,4-wheelers,pca automobiles,0
2021-07-01,2-wheelers,pure ev,1417
2021-07-01,2-wheelers,revolt,321
2021-07-01,4-wheelers,tata motors,696
2021-07-01,2-wheelers,tvs,648
2021-07-01,4-wheelers,volvo auto india,0
2022-07-01,2-wheelers,ampere,6812
2022-07-01,2-wheelers,ather,1289
2022-07-01,2-wheelers,bajaj,2482
2022-07-01,2-wheelers,being,1245
2022-07-01,4-wheelers,bmw india,4
2022-07-01,4-wheelers,byd india,32
2022-07-01,2-wheelers,hero electric,9334
2022-07-01,4-wheelers,hyundai motor,45
2022-07-01,2-wheelers,jitendra,880
2022-07-01,4-wheelers,kia motors,0
2022-07-01,4-wheelers,mahindra & mahindra,866
2022-07-01,4-wheelers,mercedes -benz ag,1
2022-07-01,4-wheelers,mg motor,194
2022-07-01,2-wheelers,okaya ev,1076
2022-07-01,2-wheelers,okinawa,8394
2022-07-01,2-wheelers,ola electric,3864
2022-07-01,2-wheelers,others,3562
2022-07-01,4-wheelers,pca automobiles,0
2022-07-01,2-wheelers,pure ev,1000
2022-07-01,2-wheelers,revolt,2318
2022-07-01,4-wheelers,tata motors,2264
2022-07-01,2-wheelers,tvs,4348
2022-07-01,4-wheelers,volvo auto india,0
2023-07-01,2-wheelers,ampere,3530
2023-07-01,2-wheelers,ather,6604
2023-07-01,2-wheelers,bajaj,4081
2023-07-01,2-wheelers,battre electric,133
2023-07-01,2-wheelers,bgauss,653
2023-07-01,4-wheelers,bmw india,81
2023-07-01,4-wheelers,byd india,89
2023-07-01,2-wheelers,hero electric,770
2023-07-01,4-wheelers,hyundai motor,88
2023-07-01,4-wheelers,kia motors,22
2023-07-01,2-wheelers,kinetic green,229
2023-07-01,4-wheelers,mahindra & mahindra,2174
2023-07-01,4-wheelers,mercedes -benz ag,23
2023-07-01,4-wheelers,mg motor,935
2023-07-01,2-wheelers,okaya ev,775
2023-07-01,2-wheelers,okinawa,2238
2023-07-01,2-wheelers,ola electric,19409
2023-07-01,2-wheelers,others,5020
2023-07-01,4-wheelers,pca automobiles,169
2023-07-01,2-wheelers,revolt,478
2023-07-01,4-wheelers,tata motors,3823
2023-07-01,2-wheelers,tvs,10272
2023-07-01,4-wheelers,volvo auto india,26
2021-06-01,2-wheelers,ampere,299
2021-06-01,2-wheelers,ather,320
2021-06-01,2-wheelers,bajaj,176
2021-06-01,2-wheelers,being,198
2021-06-01,4-wheelers,bmw india,0
2021-06-01,4-wheelers,byd india,0
2021-06-01,2-wheelers,hero electric,1355
2021-06-01,4-wheelers,hyundai motor,10
2021-06-01,2-wheelers,jitendra,43
2021-06-01,4-wheelers,kia motors,0
2021-06-01,4-wheelers,mahindra & mahindra,106
2021-06-01,4-wheelers,mercedes -benz ag,2
2021-06-01,4-wheelers,mg motor,128
2021-06-01,2-wheelers,okinawa,984
2021-06-01,2-wheelers,ola electric,0
2021-06-01,2-wheelers,others,567
2021-06-01,4-wheelers,pca automobiles,0
2021-06-01,2-wheelers,pure ev,460
2021-06-01,2-wheelers,revolt,59
2021-06-01,4-wheelers,tata motors,572
2021-06-01,2-wheelers,tvs,208
2021-06-01,4-wheelers,volvo auto india,0
2022-06-01,2-wheelers,ampere,6919
2022-06-01,2-wheelers,ather,3829
2022-06-01,2-wheelers,bajaj,1824
2022-06-01,2-wheelers,being,1005
2022-06-01,4-wheelers,bmw india,4
2022-06-01,4-wheelers,byd india,36
2022-06-01,2-wheelers,hero electric,6836
2022-06-01,4-wheelers,hyundai motor,39
2022-06-01,2-wheelers,jitendra,568
2022-06-01,4-wheelers,kia motors,0
2022-06-01,4-wheelers,mahindra & mahindra,787
2022-06-01,4-wheelers,mercedes -benz ag,2
2022-06-01,4-wheelers,mg motor,173
2022-06-01,2-wheelers,okaya ev,760
2022-06-01,2-wheelers,okinawa,7554
2022-06-01,2-wheelers,ola electric,5897
2022-06-01,2-wheelers,others,3658
2022-06-01,4-wheelers,pca automobiles,0
2022-06-01,2-wheelers,pure ev,1125
2022-06-01,2-wheelers,revolt,2423
2022-06-01,4-wheelers,tata motors,2169
2022-06-01,2-wheelers,tvs,1983
2022-06-01,4-wheelers,volvo auto india,0
2023-06-01,2-wheelers,ampere,3006
2023-06-01,2-wheelers,ather,4547
2023-06-01,2-wheelers,bajaj,2975
2023-06-01,2-wheelers,battre electric,82
2023-06-01,2-wheelers,bgauss,189
2023-06-01,4-wheelers,bmw india,76
2023-06-01,4-wheelers,byd india,140
2023-06-01,2-wheelers,hero electric,1123
2023-06-01,4-wheelers,hyundai motor,121
2023-06-01,4-wheelers,kia motors,30
2023-06-01,2-wheelers,kinetic green,201
2023-06-01,4-wheelers,mahindra & mahindra,2574
2023-06-01,4-wheelers,mercedes -benz ag,14
2023-06-01,4-wheelers,mg motor,877
2023-06-01,2-wheelers,okaya ev,419
2023-06-01,2-wheelers,okinawa,2588
2023-06-01,2-wheelers,ola electric,17768
2023-06-01,2-wheelers,others,4466
2023-06-01,4-wheelers,pca automobiles,254
2023-06-01,2-wheelers,revolt,705
2023-06-01,4-wheelers,tata motors,3671
2023-06-01,2-wheelers,tvs,7772
2023-06-01,4-wheelers,volvo auto india,33
2022-03-01,2-wheelers,ampere,6666
2022-03-01,2-wheelers,ather,2232
2022-03-01,2-wheelers,bajaj,855
2022-03-01,2-wheelers,being,1013
2022-03-01,4-wheelers,bmw india,7
2022-03-01,4-wheelers,byd india,14
2022-03-01,2-wheelers,hero electric,13652
2022-03-01,4-wheelers,hyundai motor,14
2022-03-01,2-wheelers,jitendra,1052
2022-03-01,4-wheelers,kia motors,0
2022-03-01,4-wheelers,mahindra & mahindra,701
2022-03-01,4-wheelers,mercedes -benz ag,5
2022-03-01,4-wheelers,mg motor,75
2022-03-01,2-wheelers,okinawa,8586
2022-03-01,2-wheelers,ola electric,9143
2022-03-01,2-wheelers,others,5330
2022-03-01,4-wheelers,pca automobiles,0
2022-03-01,2-wheelers,pure ev,2065
2022-03-01,2-wheelers,revolt,1413
2022-03-01,4-wheelers,tata motors,2900
2022-03-01,2-wheelers,tvs,2391
2022-03-01,4-wheelers,volvo auto india,4
2023-03-01,2-wheelers,ampere,9736
2023-03-01,2-wheelers,ather,12180
2023-03-01,2-wheelers,bajaj,4552
2023-03-01,2-wheelers,being,446
2023-03-01,4-wheelers,bmw india,40
2023-03-01,4-wheelers,byd india,348
2023-03-01,2-wheelers,hero electric,6661
2023-03-01,4-wheelers,hyundai motor,35
2023-03-01,2-wheelers,jitendra,350
2023-03-01,4-wheelers,kia motors,17
2023-03-01,4-wheelers,mahindra & mahindra,2745
2023-03-01,4-wheelers,mercedes -benz ag,10
2023-03-01,4-wheelers,mg motor,372
2023-03-01,2-wheelers,okaya ev,1765
2023-03-01,2-wheelers,okinawa,4509
2023-03-01,2-wheelers,ola electric,22398
2023-03-01,2-wheelers,others,5089
2023-03-01,4-wheelers,pca automobiles,151
2023-03-01,2-wheelers,pure ev,584
2023-03-01,2-wheelers,revolt,1140
2023-03-01,4-wheelers,tata motors,5065
2023-03-01,2-wheelers,tvs,16896
2023-03-01,4-wheelers,volvo auto india,37
2024-03-01,2-wheelers,ampere,3108
2024-03-01,2-wheelers,ather,17012
2024-03-01,2-wheelers,bajaj,17716
2024-03-01,2-wheelers,battre electric,625
2024-03-01,2-wheelers,bgauss,3070
2024-03-01,4-wheelers,bmw india,55
2024-03-01,4-wheelers,byd india,142
2024-03-01,2-wheelers,hero electric,316
2024-03-01,4-wheelers,hyundai motor,116
2024-03-01,4-wheelers,kia motors,26
2024-03-01,2-wheelers,kinetic green,3915
2024-03-01,4-wheelers,mahindra & mahindra,708
2024-03-01,4-wheelers,mercedes -benz ag,31
2024-03-01,4-wheelers,mg motor,885
2024-03-01,2-wheelers,okaya ev,1218
2024-03-01,2-wheelers,okinawa,673
2024-03-01,2-wheelers,ola electric,44630
2024-03-01,2-wheelers,others,10579
2024-03-01,4-wheelers,pca automobiles,130
2024-03-01,2-wheelers,revolt,585
2024-03-01,4-wheelers,tata motors,6606
2024-03-01,2-wheelers,tvs,26158
2024-03-01,4-wheelers,volvo auto india,39
2021-05-01,2-wheelers,ampere,147
2021-05-01,2-wheelers,ather,160
2021-05-01,2-wheelers,bajaj,20
2021-05-01,2-wheelers,being,54
2021-05-01,4-wheelers,bmw india,0
2021-05-01,4-wheelers,byd india,0
2021-05-01,2-wheelers,hero electric,170
2021-05-01,4-wheelers,hyundai motor,3
2021-05-01,2-wheelers,jitendra,13
2021-05-01,4-wheelers,kia motors,0
2021-05-01,4-wheelers,mahindra & mahindra,78
2021-05-01,4-wheelers,mercedes -benz ag,0
2021-05-01,4-wheelers,mg motor,39
2021-05-01,2-wheelers,okinawa,245
2021-05-01,2-wheelers,ola electric,0
2021-05-01,2-wheelers,others,260
2021-05-01,4-wheelers,pca automobiles,0
2021-05-01,2-wheelers,pure ev,122
2021-05-01,2-wheelers,revolt,42
2021-05-01,4-wheelers,tata motors,137
2021-05-01,2-wheelers,tvs,9
2021-05-01,4-wheelers,volvo auto india,0
2022-05-01,2-wheelers,ampere,6176
2022-05-01,2-wheelers,ather,3337
2022-05-01,2-wheelers,bajaj,1812
2022-05-01,2-wheelers,being,862
2022-05-01,4-wheelers,bmw india,6
2022-05-01,4-wheelers,byd india,30
2022-05-01,2-wheelers,hero electric,2970
2022-05-01,4-wheelers,hyundai motor,19
2022-05-01,2-wheelers,jitendra,646
2022-05-01,4-wheelers,kia motors,0
2022-05-01,4-wheelers,mahindra & mahindra,622
2022-05-01,4-wheelers,mercedes -benz ag,4
2022-05-01,4-wheelers,mg motor,181
2022-05-01,2-wheelers,okaya ev,19
2022-05-01,2-wheelers,okinawa,10340
2022-05-01,2-wheelers,ola electric,9266
2022-05-01,2-wheelers,others,3455
2022-05-01,4-wheelers,pca automobiles,0
2022-05-01,2-wheelers,pure ev,1464
2022-05-01,2-wheelers,revolt,1589
2022-05-01,4-wheelers,tata motors,2097
2022-05-01,2-wheelers,tvs,478
2022-05-01,4-wheelers,volvo auto india,0
2023-05-01,2-wheelers,ampere,10659
2023-05-01,2-wheelers,ather,15243
2023-05-01,2-wheelers,bajaj,9976
2023-05-01,2-wheelers,battre electric,1185
2023-05-01,2-wheelers,bgauss,1792
2023-05-01,4-wheelers,bmw india,57
2023-05-01,4-wheelers,byd india,110
2023-05-01,2-wheelers,hero electric,2085
2023-05-01,4-wheelers,hyundai motor,129
2023-05-01,4-wheelers,kia motors,36
2023-05-01,2-wheelers,kinetic green,886
2023-05-01,4-wheelers,mahindra & mahindra,3457
2023-05-01,4-wheelers,mercedes -benz ag,9
2023-05-01,4-wheelers,mg motor,351
2023-05-01,2-wheelers,okaya ev,3831
2023-05-01,2-wheelers,okinawa,2873
2023-05-01,2-wheelers,ola electric,29447
2023-05-01,2-wheelers,others,6627
2023-05-01,4-wheelers,pca automobiles,245
2023-05-01,2-wheelers,revolt,565
2023-05-01,4-wheelers,tata motors,3212
2023-05-01,2-wheelers,tvs,20188
2023-05-01,4-wheelers,volvo auto india,34
2021-11-01,2-wheelers,ampere,2077
2021-11-01,2-wheelers,ather,2202
2021-11-01,2-wheelers,bajaj,728
2021-11-01,2-wheelers,being,912
2021-11-01,4-wheelers,bmw india,0
2021-11-01,4-wheelers,byd india,0
2021-11-01,2-wheelers,hero electric,7493
2021-11-01,4-wheelers,hyundai motor,7
2021-11-01,2-wheelers,jitendra,273
2021-11-01,4-wheelers,kia motors,0
2021-11-01,4-wheelers,mahindra & mahindra,462
2021-11-01,4-wheelers,mercedes -benz ag,2
2021-11-01,4-wheelers,mg motor,118
2021-11-01,2-wheelers,okinawa,5542
2021-11-01,2-wheelers,ola electric,0
2021-11-01,2-wheelers,others,2317
2021-11-01,4-wheelers,pca automobiles,0
2021-11-01,2-wheelers,pure ev,1688
2021-11-01,2-wheelers,revolt,780
2021-11-01,4-wheelers,tata motors,1036
2021-11-01,2-wheelers,tvs,522
2021-11-01,4-wheelers,volvo auto india,0
2022-11-01,2-wheelers,ampere,12446
2022-11-01,2-wheelers,ather,7837
2022-11-01,2-wheelers,bajaj,3057
2022-11-01,2-wheelers,being,1216
2022-11-01,4-wheelers,bmw india,14
2022-11-01,4-wheelers,byd india,39
2022-11-01,2-wheelers,hero electric,9026
2022-11-01,4-wheelers,hyundai motor,59
2022-11-01,2-wheelers,jitendra,1256
2022-11-01,4-wheelers,kia motors,61
2022-11-01,4-wheelers,mahindra & mahindra,1067
2022-11-01,4-wheelers,mercedes -benz ag,4
2022-11-01,4-wheelers,mg motor,464
2022-11-01,2-wheelers,okaya ev,1783
2022-11-01,2-wheelers,okinawa,9068
2022-11-01,2-wheelers,ola electric,15797
2022-11-01,2-wheelers,others,5693
2022-11-01,4-wheelers,pca automobiles,0
2022-11-01,2-wheelers,pure ev,925
2022-11-01,2-wheelers,revolt,524
2022-11-01,4-wheelers,tata motors,2264
2022-11-01,2-wheelers,tvs,8147
2022-11-01,4-wheelers,volvo auto india,5
2023-11-01,2-wheelers,ampere,4638
2023-11-01,2-wheelers,ather,9220
2023-11-01,2-wheelers,bajaj,11769
2023-11-01,2-wheelers,battre electric,659
2023-11-01,2-wheelers,bgauss,1589
2023-11-01,4-wheelers,bmw india,215
2023-11-01,4-wheelers,byd india,106
2023-11-01,2-wheelers,hero electric,814
2023-11-01,4-wheelers,hyundai motor,125
2023-11-01,4-wheelers,kia motors,29
2023-11-01,2-wheelers,kinetic green,422
2023-11-01,4-wheelers,mahindra & mahindra,1222
2023-11-01,4-wheelers,mercedes -benz ag,35
2023-11-01,4-wheelers,mg motor,723
2023-11-01,2-wheelers,okaya ev,1281
2023-11-01,2-wheelers,okinawa,1587
2023-11-01,2-wheelers,ola electric,29980
2023-11-01,2-wheelers,others,9707
2023-11-01,4-wheelers,pca automobiles,98
2023-11-01,2-wheelers,revolt,663
2023-11-01,4-wheelers,tata motors,4432
2023-11-01,2-wheelers,tvs,18914
2023-11-01,4-wheelers,volvo auto india,57
2021-10-01,2-wheelers,ampere,1083
2021-10-01,2-wheelers,ather,2647
2021-10-01,2-wheelers,bajaj,754
2021-10-01,2-wheelers,being,469
2021-10-01,4-wheelers,bmw india,0
2021-10-01,4-wheelers,byd india,0
2021-10-01,2-wheelers,hero electric,6799
2021-10-01,4-wheelers,hyundai motor,8
2021-10-01,2-wheelers,jitendra,283
2021-10-01,4-wheelers,kia motors,0
2021-10-01,4-wheelers,mahindra & mahindra,369
2021-10-01,4-wheelers,mercedes -benz ag,3
2021-10-01,4-wheelers,mg motor,194
2021-10-01,2-wheelers,okinawa,4166
2021-10-01,2-wheelers,ola electric,0
2021-10-01,2-wheelers,others,1826
2021-10-01,4-wheelers,pca automobiles,0
2021-10-01,2-wheelers,pure ev,1400
2021-10-01,2-wheelers,revolt,900
2021-10-01,4-wheelers,tata motors,803
2021-10-01,2-wheelers,tvs,486
2021-10-01,4-wheelers,volvo auto india,0
2022-10-01,2-wheelers,ampere,10113
2022-10-01,2-wheelers,ather,7356
2022-10-01,2-wheelers,bajaj,3549
2022-10-01,2-wheelers,being,1422
2022-10-01,4-wheelers,bmw india,4
2022-10-01,4-wheelers,byd india,27
2022-10-01,2-wheelers,hero electric,8868
2022-10-01,4-wheelers,hyundai motor,64
2022-10-01,2-wheelers,jitendra,1111
2022-10-01,4-wheelers,kia motors,29
2022-10-01,4-wheelers,mahindra & mahindra,1051
2022-10-01,4-wheelers,mercedes -benz ag,4
2022-10-01,4-wheelers,mg motor,338
2022-10-01,2-wheelers,okaya ev,1968
2022-10-01,2-wheelers,okinawa,14950
2022-10-01,2-wheelers,ola electric,15391
2022-10-01,2-wheelers,others,4614
2022-10-01,4-wheelers,pca automobiles,0
2022-10-01,2-wheelers,pure ev,1047
2022-10-01,2-wheelers,revolt,1041
2022-10-01,4-wheelers,tata motors,2395
2022-10-01,2-wheelers,tvs,5820
2022-10-01,4-wheelers,volvo auto india,0
2023-10-01,2-wheelers,ampere,4487
2023-10-01,2-wheelers,ather,8375
2023-10-01,2-wheelers,bajaj,8960
2023-10-01,2-wheelers,battre electric,227
2023-10-01,2-wheelers,bgauss,1157
2023-10-01,4-wheelers,bmw india,71
2023-10-01,4-wheelers,byd india,109
2023-10-01,2-wheelers,hero electric,658
2023-10-01,4-wheelers,hyundai motor,148
2023-10-01,4-wheelers,kia motors,39
2023-10-01,2-wheelers,kinetic green,389
2023-10-01,4-wheelers,mahindra & mahindra,2027
2023-10-01,4-wheelers,mercedes -benz ag,18
2023-10-01,4-wheelers,mg motor,714
2023-10-01,2-wheelers,okaya ev,863
2023-10-01,2-wheelers,okinawa,1457
2023-10-01,2-wheelers,ola electric,23968
2023-10-01,2-wheelers,others,7092
2023-10-01,4-wheelers,pca automobiles,132
2023-10-01,2-wheelers,revolt,681
2023-10-01,4-wheelers,tata motors,3911
2023-10-01,2-wheelers,tvs,16309
2023-10-01,4-wheelers,volvo auto india,41
2021-09-01,2-wheelers,ampere,807
2021-09-01,2-wheelers,ather,2174
2021-09-01,2-wheelers,bajaj,381
2021-09-01,2-wheelers,being,337
2021-09-01,4-wheelers,bmw india,0
2021-09-01,4-wheelers,byd india,0
2021-09-01,2-wheelers,hero electric,6727
2021-09-01,4-wheelers,hyundai motor,6
2021-09-01,2-wheelers,jitendra,134
2021-09-01,4-wheelers,kia motors,0
2021-09-01,4-wheelers,mahindra & mahindra,276
2021-09-01,4-wheelers,mercedes -benz ag,2
2021-09-01,4-wheelers,mg motor,263
2021-09-01,2-wheelers,okinawa,3321
2021-09-01,2-wheelers,ola electric,0
2021-09-01,2-wheelers,others,1627
2021-09-01,4-wheelers,pca automobiles,0
2021-09-01,2-wheelers,pure ev,1337
2021-09-01,2-wheelers,revolt,499
2021-09-01,4-wheelers,tata motors,772
2021-09-01,2-wheelers,tvs,688
2021-09-01,4-wheelers,volvo auto india,0
2022-09-01,2-wheelers,ampere,6488
2022-09-01,2-wheelers,ather,6280
2022-09-01,2-wheelers,bajaj,3649
2022-09-01,2-wheelers,being,975
2022-09-01,4-wheelers,bmw india,21
2022-09-01,4-wheelers,byd india,48
2022-09-01,2-wheelers,hero electric,8208
2022-09-01,4-wheelers,hyundai motor,57
2022-09-01,2-wheelers,jitendra,661
2022-09-01,4-wheelers,kia motors,0
2022-09-01,4-wheelers,mahindra & mahindra,1213
2022-09-01,4-wheelers,mercedes -benz ag,3
2022-09-01,4-wheelers,mg motor,207
2022-09-01,2-wheelers,okaya ev,954
2022-09-01,2-wheelers,okinawa,8497
2022-09-01,2-wheelers,ola electric,8065
2022-09-01,2-wheelers,others,3849
2022-09-01,4-wheelers,pca automobiles,0
2022-09-01,2-wheelers,pure ev,790
2022-09-01,2-wheelers,revolt,865
2022-09-01,4-wheelers,tata motors,1997
2022-09-01,2-wheelers,tvs,4001
2022-09-01,4-wheelers,volvo auto india,0
2023-09-01,2-wheelers,ampere,4148
2023-09-01,2-wheelers,ather,7107
2023-09-01,2-wheelers,bajaj,7019
2023-09-01,2-wheelers,battre electric,255
2023-09-01,2-wheelers,bgauss,924
2023-09-01,4-wheelers,bmw india,58
2023-09-01,4-wheelers,byd india,141
2023-09-01,2-wheelers,hero electric,835
2023-09-01,4-wheelers,hyundai motor,161
2023-09-01,4-wheelers,kia motors,26
2023-09-01,2-wheelers,kinetic green,231
2023-09-01,4-wheelers,mahindra & mahindra,1668
2023-09-01,4-wheelers,mercedes -benz ag,41
2023-09-01,4-wheelers,mg motor,676
2023-09-01,2-wheelers,okaya ev,873
2023-09-01,2-wheelers,okinawa,1769
2023-09-01,2-wheelers,ola electric,18926
2023-09-01,2-wheelers,others,5355
2023-09-01,4-wheelers,pca automobiles,108
2023-09-01,2-wheelers,revolt,879
2023-09-01,4-wheelers,tata motors,3126
2023-09-01,2-wheelers,tvs,15425
2023-09-01,4-wheelers,volvo auto india,42
